,lat,lon,group,score,night,day,spring,summer,autumn,winter,rain,water level increase,high tide,wind
1,35.516401,139.813836,deep_sea_area,194,40,40,45,15,20,45,-5,-4,1,-3
2,35.5165,139.809405,deep_sea_area,194,40,40,45,15,20,45,-5,-4,1,-3
3,35.521145,139.794781,deep_sea_area,194,40,40,45,15,20,45,-5,-4,1,-3
4,35.522042,139.797734,deep_sea_area,194,40,40,45,15,20,45,-5,-4,1,-3
5,35.519547,139.803015,deep_sea_area,194,40,40,45,15,20,45,-5,-4,1,-3
6,35.519103,139.803883,deep_sea_area,194,40,40,45,15,20,45,-5,-4,1,-3
7,35.524661,139.79704,deep_sea_area,194,40,40,45,15,20,45,-5,-4,1,-3
8,35.526494,139.796653,deep_sea_area,194,40,40,45,15,20,45,-5,-4,1,-3
9,35.529236,139.791203,under_sea_tunnel,184,40,40,40,15,20,40,-5,-4,1,-3
10,35.523091,139.793351,under_sea_tunnel,184,40,40,40,15,20,40,-5,-4,1,-3
11,35.525464,139.794379,under_sea_tunnel,184,40,40,40,15,20,40,-5,-4,1,-3
12,35.526687,139.794572,under_sea_tunnel,184,40,40,40,15,20,40,-5,-4,1,-3
13,35.527926,139.793843,under_sea_tunnel,184,40,40,40,15,20,40,-5,-4,1,-3
14,35.523997,139.792577,under_sea_tunnel,184,40,40,40,15,20,40,-5,-4,1,-3
15,35.529481,139.794336,under_sea_tunnel,184,40,40,40,15,20,40,-5,-4,1,-3
16,35.53086,139.793628,under_sea_tunnel,184,40,40,40,15,20,40,-5,-4,1,-3
17,35.528625,139.795366,under_sea_tunnel,184,40,40,40,15,20,40,-5,-4,1,-3
18,35.524661,139.794165,under_sea_tunnel,184,40,40,40,15,20,40,-5,-4,1,-3
19,35.534018,139.776027,industrial_complex,169,40,30,30,15,20,30,1,1,1,1
20,35.534337,139.778789,island,236,40,40,25,20,20,30,20,20,20,1
21,35.534188,139.778917,island,236,40,40,25,20,20,30,20,20,20,1
22,35.534016,139.779266,island,236,40,40,25,20,20,30,20,20,20,1
23,35.534326,139.778389,island,236,40,40,25,20,20,30,20,20,20,1
24,35.534124,139.778938,island,236,40,40,25,20,20,30,20,20,20,1
25,35.534962,139.777737,island,236,40,40,25,20,20,30,20,20,20,1
26,35.534829,139.777683,island,236,40,40,25,20,20,30,20,20,20,1
27,35.534423,139.777982,island,236,40,40,25,20,20,30,20,20,20,1
28,35.533628,139.78053,island,236,40,40,25,20,20,30,20,20,20,1
29,35.53483,139.778168,island,236,40,40,25,20,20,30,20,20,20,1
30,35.534983,139.77721,island,236,40,40,25,20,20,30,20,20,20,1
31,35.534385,139.777802,island,236,40,40,25,20,20,30,20,20,20,1
32,35.533927,139.774809,industrial_complex,169,40,30,30,15,20,30,1,1,1,1
33,35.532447,139.776872,industrial_complex,169,40,30,30,15,20,30,1,1,1,1
34,35.535567,139.770549,industrial_complex,169,40,30,30,15,20,30,1,1,1,1
35,35.53707,139.776204,industrial_complex,169,40,30,30,15,20,30,1,1,1,1
36,35.53235,139.777598,industrial_complex,169,40,30,30,15,20,30,1,1,1,1
37,35.536201,139.769363,industrial_complex,169,40,30,30,15,20,30,1,1,1,1
38,35.537269,139.77371,industrial_complex,169,40,30,30,15,20,30,1,1,1,1
39,35.538417,139.772151,industrial_complex,169,40,30,30,15,20,30,1,1,1,1
40,35.538479,139.766631,tidal_flat,173,40,15,20,20,20,30,3,4,20,1
41,35.540999,139.767661,tidal_flat,173,40,15,20,20,20,30,3,4,20,1
42,35.542002,139.765845,tidal_flat,173,40,15,20,20,20,30,3,4,20,1
43,35.537254,139.767096,tidal_flat,173,40,15,20,20,20,30,3,4,20,1
44,35.537547,139.767071,tidal_flat,173,40,15,20,20,20,30,3,4,20,1
45,35.538154,139.766446,tidal_flat,173,40,15,20,20,20,30,3,4,20,1
46,35.538433,139.765526,tidal_flat,173,40,15,20,20,20,30,3,4,20,1
47,35.539358,139.764997,tidal_flat,173,40,15,20,20,20,30,3,4,20,1
48,35.540483,139.770108,tidal_flat,173,40,15,20,20,20,30,3,4,20,1
49,35.539538,139.770861,tidal_flat,173,40,15,20,20,20,30,3,4,20,1
50,35.540089,139.769317,tidal_flat,173,40,15,20,20,20,30,3,4,20,1
51,35.539528,139.763737,tidal_flat,173,40,15,20,20,20,30,3,4,20,1
52,35.53718,139.767401,tidal_flat,173,40,15,20,20,20,30,3,4,20,1
53,35.539265,139.764731,tidal_flat,173,40,15,20,20,20,30,3,4,20,1
54,35.540331,139.762329,tidal_flat,173,40,15,20,20,20,30,3,4,20,1
55,35.545162,139.758774,tidal_flat,173,40,15,20,20,20,30,3,4,20,1
56,35.5448,139.759177,tidal_flat,173,40,15,20,20,20,30,3,4,20,1
57,35.544399,139.760236,tidal_flat,173,40,15,20,20,20,30,3,4,20,1
58,35.544811,139.758897,tidal_flat,173,40,15,20,20,20,30,3,4,20,1
59,35.544675,139.75958,tidal_flat,173,40,15,20,20,20,30,3,4,20,1
60,35.540662,139.759708,tidal_flat,173,40,15,20,20,20,30,3,4,20,1
61,35.540684,139.760251,tidal_flat,173,40,15,20,20,20,30,3,4,20,1
62,35.540577,139.759414,tidal_flat,173,40,15,20,20,20,30,3,4,20,1
63,35.540342,139.762133,tidal_flat,173,40,15,20,20,20,30,3,4,20,1
64,35.540189,139.763455,tidal_flat,173,40,15,20,20,20,30,3,4,20,1
65,35.540423,139.761186,sky_bridge,134,15,15,30,20,20,20,2,6,5,1
66,35.540589,139.761195,sky_bridge,134,15,15,30,20,20,20,2,6,5,1
67,35.540828,139.761403,sky_bridge,134,15,15,30,20,20,20,2,6,5,1
68,35.540776,139.760765,sky_bridge,134,15,15,30,20,20,20,2,6,5,1
69,35.540445,139.760647,sky_bridge,134,15,15,30,20,20,20,2,6,5,1
70,35.540699,139.761367,sky_bridge,134,15,15,30,20,20,20,2,6,5,1
71,35.541126,139.761529,sky_bridge,134,15,15,30,20,20,20,2,6,5,1
72,35.542584,139.762448,sky_bridge,134,15,15,30,20,20,20,2,6,5,1
73,35.542874,139.762819,sky_bridge,134,15,15,30,20,20,20,2,6,5,1
74,35.542419,139.762296,sky_bridge,134,15,15,30,20,20,20,2,6,5,1
75,35.541324,139.761516,sky_bridge,134,15,15,30,20,20,20,2,6,5,1
76,35.54151,139.761361,sky_bridge,134,15,15,30,20,20,20,2,6,5,1
77,35.540978,139.761063,sky_bridge,134,15,15,30,20,20,20,2,6,5,1
78,35.54328,139.762477,sky_bridge,134,15,15,30,20,20,20,2,6,5,1
79,35.541128,139.761183,sky_bridge,134,15,15,30,20,20,20,2,6,5,1
80,35.54063,139.761155,sky_bridge,134,15,15,30,20,20,20,2,6,5,1
81,35.541775,139.75543,tidal_flat_area2,153,40,6,12,30,20,15,5,4,20,1
82,35.542064,139.752674,tidal_flat_area2,153,40,6,12,30,20,15,5,4,20,1
83,35.541982,139.749845,tidal_flat_area2,153,40,6,12,30,20,15,5,4,20,1
84,35.545173,139.752353,tidal_flat_area2,153,40,6,12,30,20,15,5,4,20,1
85,35.544251,139.745565,tidal_flat_area2,153,40,6,12,30,20,15,5,4,20,1
86,35.542163,139.744118,tidal_flat_area2,153,40,6,12,30,20,15,5,4,20,1
87,35.541991,139.748045,tidal_flat_area2,153,40,6,12,30,20,15,5,4,20,1
88,35.542286,139.750992,tidal_flat_area2,153,40,6,12,30,20,15,5,4,20,1
89,35.545461,139.752814,tidal_flat_area2,153,40,6,12,30,20,15,5,4,20,1
90,35.545354,139.752315,tidal_flat_area2,153,40,6,12,30,20,15,5,4,20,1
91,35.541933,139.746722,tidal_flat_area2,153,40,6,12,30,20,15,5,4,20,1
92,35.541914,139.743641,tidal_flat_area2,153,40,6,12,30,20,15,5,4,20,1
93,35.541891,139.742654,tidal_flat_area2,153,40,6,12,30,20,15,5,4,20,1
94,35.541963,139.743534,tidal_flat_area2,153,40,6,12,30,20,15,5,4,20,1
95,35.541779,139.749455,tidal_flat_area2,153,40,6,12,30,20,15,5,4,20,1
96,35.542044,139.743469,tidal_flat_area2,153,40,6,12,30,20,15,5,4,20,1
97,35.543768,139.737541,tidal_flat_area2,153,40,6,12,30,20,15,5,4,20,1
98,35.544233,139.74002,tidal_flat_area2,153,40,6,12,30,20,15,5,4,20,1
99,35.543439,139.737545,tidal_flat_area2,153,40,6,12,30,20,15,5,4,20,1
100,35.543427,139.735516,tidal_flat_area2,153,40,6,12,30,20,15,5,4,20,1
101,35.543595,139.733823,tidal_flat_area2,153,40,6,12,30,20,15,5,4,20,1
102,35.543742,139.728393,tidal_flat_area2,153,40,6,12,30,20,15,5,4,20,1
103,35.543565,139.725946,tidal_flat_area2,153,40,6,12,30,20,15,5,4,20,1
104,35.541774,139.731064,tidal_flat_area2,153,40,6,12,30,20,15,5,4,20,1
105,35.541523,139.732954,tidal_flat_area2,153,40,6,12,30,20,15,5,4,20,1
106,35.543719,139.733897,tidal_flat_area2,153,40,6,12,30,20,15,5,4,20,1
107,35.541748,139.741995,daishi_bridge,185,50,30,20,20,20,15,5,4,20,1
108,35.541874,139.742062,daishi_bridge,185,50,30,20,20,20,15,5,4,20,1
109,35.541777,139.741541,daishi_bridge,185,50,30,20,20,20,15,5,4,20,1
110,35.541875,139.741013,daishi_bridge,185,50,30,20,20,20,15,5,4,20,1
111,35.542018,139.741023,daishi_bridge,185,50,30,20,20,20,15,5,4,20,1
112,35.541737,139.741041,daishi_bridge,185,50,30,20,20,20,15,5,4,20,1
113,35.542004,139.741528,daishi_bridge,185,50,30,20,20,20,15,5,4,20,1
114,35.541857,139.741536,daishi_bridge,185,50,30,20,20,20,15,5,4,20,1
115,35.542165,139.741523,daishi_bridge,185,50,30,20,20,20,15,5,4,20,1
116,35.542237,139.741514,daishi_bridge,185,50,30,20,20,20,15,5,4,20,1
117,35.54167,139.741928,daishi_bridge,185,50,30,20,20,20,15,5,4,20,1
118,35.544657,139.741497,daishi_bridge,185,50,30,20,20,20,15,5,4,20,1
119,35.544023,139.741513,daishi_bridge,185,50,30,20,20,20,15,5,4,20,1
120,35.54402,139.741042,daishi_bridge,185,50,30,20,20,20,15,5,4,20,1
121,35.54455,139.741052,daishi_bridge,185,50,30,20,20,20,15,5,4,20,1
122,35.54402,139.74104,daishi_bridge,185,50,30,20,20,20,15,5,4,20,1
123,35.544325,139.741027,daishi_bridge,185,50,30,20,20,20,15,5,4,20,1
124,35.543718,139.741049,daishi_bridge,185,50,30,20,20,20,15,5,4,20,1
125,35.536172,139.708649,rokugo_bridge,185,50,30,20,20,20,15,5,4,20,1
126,35.536223,139.708522,rokugo_bridge,185,50,30,20,20,20,15,5,4,20,1
127,35.536314,139.708525,rokugo_bridge,185,50,30,20,20,20,15,5,4,20,1
128,35.536505,139.708541,rokugo_bridge,185,50,30,20,20,20,15,5,4,20,1
129,35.536772,139.708566,rokugo_bridge,185,50,30,20,20,20,15,5,4,20,1
130,35.536639,139.708572,rokugo_bridge,185,50,30,20,20,20,15,5,4,20,1
131,35.536684,139.708665,rokugo_bridge,185,50,30,20,20,20,15,5,4,20,1
132,35.536548,139.708093,rokugo_bridge,185,50,30,20,20,20,15,5,4,20,1
133,35.536387,139.708064,rokugo_bridge,185,50,30,20,20,20,15,5,4,20,1
134,35.536246,139.708036,rokugo_bridge,185,50,30,20,20,20,15,5,4,20,1
135,35.536123,139.708026,rokugo_bridge,185,50,30,20,20,20,15,5,4,20,1
136,35.536077,139.707996,rokugo_bridge,185,50,30,20,20,20,15,5,4,20,1
137,35.53673,139.708148,rokugo_bridge,185,50,30,20,20,20,15,5,4,20,1
138,35.536574,139.708096,rokugo_bridge,185,50,30,20,20,20,15,5,4,20,1
139,35.536605,139.708553,rokugo_bridge,185,50,30,20,20,20,15,5,4,20,1
140,35.536719,139.708544,rokugo_bridge,185,50,30,20,20,20,15,5,4,20,1
141,35.536194,139.708481,rokugo_bridge,185,50,30,20,20,20,15,5,4,20,1
142,35.536207,139.70849,rokugo_bridge,185,50,30,20,20,20,15,5,4,20,1
143,35.536234,139.708512,rokugo_bridge,185,50,30,20,20,20,15,5,4,20,1
144,35.536565,139.708511,rokugo_bridge,185,50,30,20,20,20,15,5,4,20,1
145,35.53676,139.708548,rokugo_bridge,185,50,30,20,20,20,15,5,4,20,1
146,35.536235,139.708484,rokugo_bridge,185,50,30,20,20,20,15,5,4,20,1
147,35.53644,139.70852,rokugo_bridge,185,50,30,20,20,20,15,5,4,20,1
148,35.536254,139.704125,rokugo_train_bridge,179,50,14,10,20,30,20,5,4,25,1
149,35.536536,139.704339,rokugo_train_bridge,179,50,14,10,20,30,20,5,4,25,1
150,35.53652,139.703185,rokugo_train_bridge,179,50,14,10,20,30,20,5,4,25,1
151,35.536731,139.703352,rokugo_train_bridge,179,50,14,10,20,30,20,5,4,25,1
152,35.537096,139.703617,rokugo_train_bridge,179,50,14,10,20,30,20,5,4,25,1
153,35.53677,139.702756,rokugo_train_bridge,179,50,14,10,20,30,20,5,4,25,1
154,35.536985,139.702937,rokugo_train_bridge,179,50,14,10,20,30,20,5,4,25,1
155,35.536387,139.703932,rokugo_train_bridge,179,50,14,10,20,30,20,5,4,25,1
156,35.536735,139.704188,rokugo_train_bridge,179,50,14,10,20,30,20,5,4,25,1
157,35.536895,139.704309,rokugo_train_bridge,179,50,14,10,20,30,20,5,4,25,1
158,35.537282,139.703217,rokugo_train_bridge,179,50,14,10,20,30,20,5,4,25,1
159,35.555824,139.696545,O_bridge,187,50,16,8,25,30,10,7,10,30,1
160,35.556044,139.696532,O_bridge,187,50,16,8,25,30,10,7,10,30,1
161,35.55665,139.696707,O_bridge,187,50,16,8,25,30,10,7,10,30,1
162,35.555994,139.696505,O_bridge,187,50,16,8,25,30,10,7,10,30,1
163,35.555884,139.696201,O_bridge,187,50,16,8,25,30,10,7,10,30,1
164,35.556656,139.696715,O_bridge,187,50,16,8,25,30,10,7,10,30,1
165,35.556456,139.696638,O_bridge,187,50,16,8,25,30,10,7,10,30,1
166,35.556636,139.69612,O_bridge,187,50,16,8,25,30,10,7,10,30,1
167,35.556186,139.695999,O_bridge,187,50,16,8,25,30,10,7,10,30,1
168,35.555982,139.695929,O_bridge,187,50,16,8,25,30,10,7,10,30,1
169,35.555823,139.696263,O_bridge,187,50,16,8,25,30,10,7,10,30,1
170,35.556111,139.696348,O_bridge,187,50,16,8,25,30,10,7,10,30,1
171,35.556505,139.696496,O_bridge,187,50,16,8,25,30,10,7,10,30,1
172,35.556044,139.696587,O_bridge,187,50,16,8,25,30,10,7,10,30,1
173,35.55602,139.696392,O_bridge,187,50,16,8,25,30,10,7,10,30,1
174,35.556505,139.696491,O_bridge,187,50,16,8,25,30,10,7,10,30,1
175,35.556647,139.696079,O_bridge,187,50,16,8,25,30,10,7,10,30,1
176,35.55615,139.695982,O_bridge,187,50,16,8,25,30,10,7,10,30,1
177,35.556758,139.696181,O_bridge,187,50,16,8,25,30,10,7,10,30,1
178,35.55595,139.695914,O_bridge,187,50,16,8,25,30,10,7,10,30,1
179,35.556481,139.696085,O_bridge,187,50,16,8,25,30,10,7,10,30,1
180,35.556764,139.696176,O_bridge,187,50,16,8,25,30,10,7,10,30,1
181,35.556442,139.69606,O_bridge,187,50,16,8,25,30,10,7,10,30,1
182,35.555786,139.696257,O_bridge,187,50,16,8,25,30,10,7,10,30,1
183,35.563014,139.678391,gas_bridge,161,30,10,5,30,30,5,10,,40,1
184,35.562926,139.678195,gas_bridge,161,30,10,5,30,30,5,10,,40,1
185,35.563016,139.678371,gas_bridge,161,30,10,5,30,30,5,10,,40,1
186,35.563472,139.679054,gas_bridge,161,30,10,5,30,30,5,10,,40,1
187,35.563554,139.679187,gas_bridge,161,30,10,5,30,30,5,10,,40,1
188,35.562886,139.678098,gas_bridge,161,30,10,5,30,30,5,10,,40,1
189,35.56333,139.678856,gas_bridge,161,30,10,5,30,30,5,10,,40,1
190,35.563539,139.679113,gas_bridge,161,30,10,5,30,30,5,10,,40,1
191,35.56321,139.678167,gas_bridge,161,30,10,5,30,30,5,10,,40,1
192,35.563157,139.678231,gas_bridge,161,30,10,5,30,30,5,10,,40,1
193,35.563617,139.678827,gas_bridge,161,30,10,5,30,30,5,10,,40,1
194,35.563411,139.678461,gas_bridge,161,30,10,5,30,30,5,10,,40,1
195,35.563732,139.678997,gas_bridge,161,30,10,5,30,30,5,10,,40,1
196,35.562934,139.678201,gas_bridge,161,30,10,5,30,30,5,10,,40,1
197,35.563159,139.678639,gas_bridge,161,30,10,5,30,30,5,10,,40,1
198,35.563432,139.679047,gas_bridge,161,30,10,5,30,30,5,10,,40,1
199,35.563186,139.678593,gas_bridge,161,30,10,5,30,30,5,10,,40,1
200,35.580947,139.670874,mk _train_bridge,113,30,4,3,20,30,4,2,4,15,1
201,35.580945,139.670765,mk _train_bridge,113,30,4,3,20,30,4,2,4,15,1
202,35.581022,139.670972,mk _train_bridge,113,30,4,3,20,30,4,2,4,15,1
203,35.5809,139.670594,mk _train_bridge,113,30,4,3,20,30,4,2,4,15,1
204,35.585146,139.668791,mk_bridge,101,25,3,3,20,30,3,2,4,10,1
205,35.584934,139.668876,mk_bridge,101,25,3,3,20,30,3,2,4,10,1
206,35.546136,139.752669,ebi_inlet,271,40,20,20,30,40,20,45,25,30,1
207,35.546281,139.752162,ebi_inlet,271,40,20,20,30,40,20,45,25,30,1
208,35.546114,139.752965,ebi_inlet,271,40,20,20,30,40,20,45,25,30,1
209,35.546767,139.751947,ebi_inlet,271,40,20,20,30,40,20,45,25,30,1
210,35.546224,139.752013,ebi_inlet,271,40,20,20,30,40,20,45,25,30,1
211,35.546455,139.751912,ebi_inlet,271,40,20,20,30,40,20,45,25,30,1
212,35.546122,139.752124,ebi_inlet,271,40,20,20,30,40,20,45,25,30,1
213,35.545984,139.752286,ebi_inlet,271,40,20,20,30,40,20,45,25,30,1
214,35.546288,139.752025,ebi_inlet,271,40,20,20,30,40,20,45,25,30,1
215,35.546072,139.752133,ebi_inlet,271,40,20,20,30,40,20,45,25,30,1
216,35.546017,139.752162,ebi_inlet,271,40,20,20,30,40,20,45,25,30,1
217,35.545987,139.752178,ebi_inlet,271,40,20,20,30,40,20,45,25,30,1
218,35.546505,139.751872,ebi_inlet,271,40,20,20,30,40,20,45,25,30,1
219,35.546801,139.751873,ebi_inlet,271,40,20,20,30,40,20,45,25,30,1
220,35.547171,139.752024,ebi_inlet,271,40,20,20,30,40,20,45,25,30,1
221,35.546395,139.7519,ebi_inlet,271,40,20,20,30,40,20,45,25,30,1
222,35.541686,139.739864,btw_daishi_rokugo,255,45,13,16,35,40,15,40,20,30,1
223,35.541735,139.738133,btw_daishi_rokugo,255,45,13,16,35,40,15,40,20,30,1
224,35.541575,139.73676,btw_daishi_rokugo,255,45,13,16,35,40,15,40,20,30,1
225,35.541787,139.736527,btw_daishi_rokugo,255,45,13,16,35,40,15,40,20,30,1
226,35.541125,139.737635,btw_daishi_rokugo,255,45,13,16,35,40,15,40,20,30,1
227,35.541208,139.737436,btw_daishi_rokugo,255,45,13,16,35,40,15,40,20,30,1
228,35.541476,139.736997,btw_daishi_rokugo,255,45,13,16,35,40,15,40,20,30,1
229,35.541198,139.734141,btw_daishi_rokugo,255,45,13,16,35,40,15,40,20,30,1
230,35.541417,139.733115,btw_daishi_rokugo,255,45,13,16,35,40,15,40,20,30,1
231,35.543775,139.73203,btw_daishi_rokugo,255,45,13,16,35,40,15,40,20,30,1
232,35.541949,139.729689,btw_daishi_rokugo,255,45,13,16,35,40,15,40,20,30,1
233,35.543794,139.729269,btw_daishi_rokugo,255,45,13,16,35,40,15,40,20,30,1
234,35.541894,139.728262,btw_daishi_rokugo,255,45,13,16,35,40,15,40,20,30,1
235,35.542445,139.727449,btw_daishi_rokugo,255,45,13,16,35,40,15,40,20,30,1
236,35.54258,139.726022,btw_daishi_rokugo,255,45,13,16,35,40,15,40,20,30,1
237,35.543215,139.725084,btw_daishi_rokugo,255,45,13,16,35,40,15,40,20,30,1
238,35.543239,139.724484,btw_daishi_rokugo,255,45,13,16,35,40,15,40,20,30,1
239,35.543913,139.723494,btw_daishi_rokugo,255,45,13,16,35,40,15,40,20,30,1
240,35.5442,139.723332,btw_daishi_rokugo,255,45,13,16,35,40,15,40,20,30,1
241,35.543645,139.723283,btw_daishi_rokugo,255,45,13,16,35,40,15,40,20,30,1
242,35.543791,139.723369,btw_daishi_rokugo,255,45,13,16,35,40,15,40,20,30,1
243,35.543934,139.72349,btw_daishi_rokugo,255,45,13,16,35,40,15,40,20,30,1
244,35.542737,139.723366,btw_daishi_rokugo,255,45,13,16,35,40,15,40,20,30,1
245,35.542655,139.723421,btw_daishi_rokugo,255,45,13,16,35,40,15,40,20,30,1
246,35.54313,139.724013,btw_daishi_rokugo,255,45,13,16,35,40,15,40,20,30,1
247,35.541448,139.723536,btw_daishi_rokugo,255,45,13,16,35,40,15,40,20,30,1
248,35.540014,139.721636,btw_daishi_rokugo,255,45,13,16,35,40,15,40,20,30,1
249,35.540057,139.721665,btw_daishi_rokugo,255,45,13,16,35,40,15,40,20,30,1
250,35.542173,139.72246,btw_daishi_rokugo,255,45,13,16,35,40,15,40,20,30,1
251,35.541802,139.724721,btw_daishi_rokugo,255,45,13,16,35,40,15,40,20,30,1
252,35.537321,139.71722,btw_daishi_rokugo,255,45,13,16,35,40,15,40,20,30,1
253,35.537636,139.717391,btw_daishi_rokugo,255,45,13,16,35,40,15,40,20,30,1
254,35.537138,139.716499,btw_daishi_rokugo,255,45,13,16,35,40,15,40,20,30,1
255,35.537533,139.717175,btw_daishi_rokugo,255,45,13,16,35,40,15,40,20,30,1
256,35.537959,139.71775,btw_daishi_rokugo,255,45,13,16,35,40,15,40,20,30,1
257,35.537984,139.714973,btw_daishi_rokugo,255,45,13,16,35,40,15,40,20,30,1
258,35.537668,139.713846,btw_daishi_rokugo,255,45,13,16,35,40,15,40,20,30,1
259,35.536341,139.70937,btw_daishi_rokugo,255,45,13,16,35,40,15,40,20,30,1
260,35.536773,139.709099,btw_daishi_rokugo,255,45,13,16,35,40,15,40,20,30,1
261,35.53662,139.708746,btw_daishi_rokugo,255,45,13,16,35,40,15,40,20,30,1
262,35.536646,139.708672,btw_daishi_rokugo,255,45,13,16,35,40,15,40,20,30,1
263,35.536248,139.708604,btw_daishi_rokugo,255,45,13,16,35,40,15,40,20,30,1
264,35.536695,139.707975,btw_rokugo_o,216,30,12,15,30,50,8,20,20,30,1
265,35.536214,139.706948,btw_rokugo_o,216,30,12,15,30,50,8,20,20,30,1
266,35.536217,139.706853,btw_rokugo_o,216,30,12,15,30,50,8,20,20,30,1
267,35.536221,139.706716,btw_rokugo_o,216,30,12,15,30,50,8,20,20,30,1
268,35.536234,139.705838,btw_rokugo_o,216,30,12,15,30,50,8,20,20,30,1
269,35.536308,139.704903,btw_rokugo_o,216,30,12,15,30,50,8,20,20,30,1
270,35.53629,139.704657,btw_rokugo_o,216,30,12,15,30,50,8,20,20,30,1
271,35.536843,139.702297,btw_rokugo_o,216,30,12,15,30,50,8,20,20,30,1
272,35.537836,139.700198,btw_rokugo_o,216,30,12,15,30,50,8,20,20,30,1
273,35.53839,139.699403,btw_rokugo_o,216,30,12,15,30,50,8,20,20,30,1
274,35.537804,139.699917,btw_rokugo_o,216,30,12,15,30,50,8,20,20,30,1
275,35.538806,139.699135,btw_rokugo_o,216,30,12,15,30,50,8,20,20,30,1
276,35.539523,139.699897,btw_rokugo_o,216,30,12,15,30,50,8,20,20,30,1
277,35.539355,139.698745,btw_rokugo_o,216,30,12,15,30,50,8,20,20,30,1
278,35.540087,139.698278,btw_rokugo_o,216,30,12,15,30,50,8,20,20,30,1
279,35.543163,139.697337,btw_rokugo_o,216,30,12,15,30,50,8,20,20,30,1
280,35.543251,139.697339,btw_rokugo_o,216,30,12,15,30,50,8,20,20,30,1
281,35.544617,139.697781,btw_rokugo_o,216,30,12,15,30,50,8,20,20,30,1
282,35.545462,139.697889,btw_rokugo_o,216,30,12,15,30,50,8,20,20,30,1
283,35.545869,139.700151,btw_rokugo_o,216,30,12,15,30,50,8,20,20,30,1
284,35.546731,139.698818,btw_rokugo_o,216,30,12,15,30,50,8,20,20,30,1
285,35.546693,139.698892,btw_rokugo_o,216,30,12,15,30,50,8,20,20,30,1
286,35.546785,139.698724,btw_rokugo_o,216,30,12,15,30,50,8,20,20,30,1
287,35.546778,139.698696,btw_rokugo_o,216,30,12,15,30,50,8,20,20,30,1
288,35.548121,139.702356,btw_rokugo_o,216,30,12,15,30,50,8,20,20,30,1
289,35.548637,139.703119,btw_rokugo_o,216,30,12,15,30,50,8,20,20,30,1
290,35.549149,139.703435,btw_rokugo_o,216,30,12,15,30,50,8,20,20,30,1
291,35.549815,139.70404,btw_rokugo_o,216,30,12,15,30,50,8,20,20,30,1
292,35.550501,139.704365,btw_rokugo_o,216,30,12,15,30,50,8,20,20,30,1
293,35.552155,139.703627,btw_rokugo_o,216,30,12,15,30,50,8,20,20,30,1
294,35.553551,139.70141,btw_rokugo_o,216,30,12,15,30,50,8,20,20,30,1
295,35.555912,139.699448,btw_rokugo_o,216,30,12,15,30,50,8,20,20,30,1
296,35.556289,139.698227,btw_rokugo_o,216,30,12,15,30,50,8,20,20,30,1
297,35.55649,139.696981,btw_rokugo_o,216,30,12,15,30,50,8,20,20,30,1
298,35.555788,139.696429,btw_rokugo_o,216,30,12,15,30,50,8,20,20,30,1
299,35.556561,139.69668,btw_rokugo_o,216,30,12,15,30,50,8,20,20,30,1
300,35.556028,139.696549,btw_rokugo_o,216,30,12,15,30,50,8,20,20,30,1
301,35.556539,139.697507,btw_rokugo_o,216,30,12,15,30,50,8,20,20,30,1
302,35.556269,139.697867,btw_rokugo_o,216,30,12,15,30,50,8,20,20,30,1
303,35.556029,139.695681,btw_o_gas,206,35,10,10,35,50,5,20,20,20,1
304,35.556695,139.69607,btw_o_gas,206,35,10,10,35,50,5,20,20,20,1
305,35.556223,139.694956,btw_o_gas,206,35,10,10,35,50,5,20,20,20,1
306,35.556807,139.694723,btw_o_gas,206,35,10,10,35,50,5,20,20,20,1
307,35.556975,139.694056,btw_o_gas,206,35,10,10,35,50,5,20,20,20,1
308,35.5564,139.692804,btw_o_gas,206,35,10,10,35,50,5,20,20,20,1
309,35.556277,139.692007,btw_o_gas,206,35,10,10,35,50,5,20,20,20,1
310,35.556328,139.691952,btw_o_gas,206,35,10,10,35,50,5,20,20,20,1
311,35.556386,139.691945,btw_o_gas,206,35,10,10,35,50,5,20,20,20,1
312,35.557909,139.689527,btw_o_gas,206,35,10,10,35,50,5,20,20,20,1
313,35.558307,139.688962,btw_o_gas,206,35,10,10,35,50,5,20,20,20,1
314,35.558628,139.688469,btw_o_gas,206,35,10,10,35,50,5,20,20,20,1
315,35.558512,139.688848,btw_o_gas,206,35,10,10,35,50,5,20,20,20,1
316,35.559935,139.686285,btw_o_gas,206,35,10,10,35,50,5,20,20,20,1
317,35.560643,139.681765,btw_o_gas,206,35,10,10,35,50,5,20,20,20,1
318,35.561609,139.680368,btw_o_gas,206,35,10,10,35,50,5,20,20,20,1
319,35.562643,139.678874,btw_o_gas,206,35,10,10,35,50,5,20,20,20,1
320,35.562848,139.678288,btw_o_gas,206,35,10,10,35,50,5,20,20,20,1
321,35.563541,139.679295,btw_o_gas,206,35,10,10,35,50,5,20,20,20,1
322,35.563134,139.67866,btw_o_gas,206,35,10,10,35,50,5,20,20,20,1
323,35.563255,139.678051,btw_gas_mk,134,45,5,5,10,15,3,10,10,30,1
324,35.563994,139.67717,btw_gas_mk,134,45,5,5,10,15,3,10,10,30,1
325,35.564128,139.677234,btw_gas_mk,134,45,5,5,10,15,3,10,10,30,1
326,35.564408,139.676897,btw_gas_mk,134,45,5,5,10,15,3,10,10,30,1
327,35.564327,139.676967,btw_gas_mk,134,45,5,5,10,15,3,10,10,30,1
328,35.564739,139.67836,btw_gas_mk,134,45,5,5,10,15,3,10,10,30,1
329,35.564869,139.676656,btw_gas_mk,134,45,5,5,10,15,3,10,10,30,1
330,35.570239,139.674037,btw_gas_mk,134,45,5,5,10,15,3,10,10,30,1
331,35.570567,139.67386,btw_gas_mk,134,45,5,5,10,15,3,10,10,30,1
332,35.572913,139.673425,btw_gas_mk,134,45,5,5,10,15,3,10,10,30,1
333,35.572562,139.673701,btw_gas_mk,134,45,5,5,10,15,3,10,10,30,1
334,35.574038,139.672848,btw_gas_mk,134,45,5,5,10,15,3,10,10,30,1
335,35.574565,139.672727,btw_gas_mk,134,45,5,5,10,15,3,10,10,30,1
336,35.572723,139.674328,btw_gas_mk,134,45,5,5,10,15,3,10,10,30,1
337,35.57609,139.673021,btw_gas_mk,134,45,5,5,10,15,3,10,10,30,1
338,35.575884,139.673147,btw_gas_mk,134,45,5,5,10,15,3,10,10,30,1
339,35.572694,139.674495,btw_gas_mk,134,45,5,5,10,15,3,10,10,30,1
340,35.572565,139.67463,btw_gas_mk,134,45,5,5,10,15,3,10,10,30,1
341,35.573355,139.674255,btw_gas_mk,134,45,5,5,10,15,3,10,10,30,1
342,35.575758,139.671449,btw_gas_mk,134,45,5,5,10,15,3,10,10,30,1
343,35.577361,139.670944,btw_gas_mk,134,45,5,5,10,15,3,10,10,30,1
344,35.57694,139.671123,btw_gas_mk,134,45,5,5,10,15,3,10,10,30,1
345,35.579202,139.671735,btw_gas_mk,134,45,5,5,10,15,3,10,10,30,1
346,35.580791,139.670873,btw_gas_mk,134,45,5,5,10,15,3,10,10,30,1
347,35.58082,139.670641,btw_gas_mk,134,45,5,5,10,15,3,10,10,30,1
348,35.580946,139.670869,btw_gas_mk,134,45,5,5,10,15,3,10,10,30,1
349,35.580916,139.670934,btw_gas_mk,134,45,5,5,10,15,3,10,10,30,1
350,35.583149,139.670255,btw_gas_mk,134,45,5,5,10,15,3,10,10,30,1
351,35.582926,139.670356,btw_gas_mk,134,45,5,5,10,15,3,10,10,30,1
352,35.583085,139.669659,btw_gas_mk,134,45,5,5,10,15,3,10,10,30,1
353,35.586682,139.668232,btw_mk_weir,115,45,5,2,10,15,2,10,10,15,1
354,35.586705,139.667843,btw_mk_weir,115,45,5,2,10,15,2,10,10,15,1
355,35.586415,139.66757,btw_mk_weir,115,45,5,2,10,15,2,10,10,15,1
356,35.587049,139.667779,btw_mk_weir,115,45,5,2,10,15,2,10,10,15,1
357,35.585878,139.667986,btw_mk_weir,115,45,5,2,10,15,2,10,10,15,1
